[
    {
        "id": 1,
        "title": "Кардіо тренування",
        "description": "Активне кардіо для спалювання калорій.",
        "calories": 300,
        "duration": 10,
        "videoUrl": "https://www.youtube.com/embed/w-2xBpShkCQ?si=qTQyHQZ-REKFWYyJ",
        "status": "Не розпочато"
    },
    {
        "id": 2,
        "title": "Силові вправи",
        "description": "Силові вправи для потужного нарощування м’язової маси та максимальних результатів.",
        "calories": 400,
        "duration": 15,
        "videoUrl": "https://www.youtube.com/embed/fQJXQI5iEqE",
        "status": "Не розпочато"
    },
    {
        "id": 3,
        "title": "Йога",
        "description": "Розслаблення і гнучкість тіла для покращення самопочуття.",
        "calories": 250,
        "duration": 10,
        "videoUrl": "https://www.youtube.com/embed/XBlAP8QLkh8",
        "status": "Не розпочато"
    },
    {
        "id": 4,
        "title": "Пілатес",
        "description": "Розвиток гнучкості, зміцнення м’язів та покращення постави.",
        "calories": 300,
        "duration": 15,
        "videoUrl": "https://www.youtube.com/embed/Y9ouar2wzIc",
        "status": "Не розпочато"
    }
]
